dish_id,restaurant_id,name,description,price,available,calories
1,6201336,Veg In Hto Garlic Sauce,"Chinese,Indian",21.76,1,888
2,6201336,Tcb Ultimate Bruschetta,"Beverages,Pizzas",27.08,1,176
3,6201336,Kadi Pakoda,"Punjabi,North Indian",15.28,1,508
4,6201336,Phulka(1 pc),Maharashtrian,22.59,1,412
5,6201336,Cheese french fry,"Snacks,Chaat",19.52,1,256
6,6201336,Chilli Egg Noodles,Chinese,21.94,1,831
7,6201336,Darbari Khima,"Snacks,North Indian",11.86,1,739
8,6201336,Gosht Shahjahani Biryani,"Biryani,Chinese",18.88,1,373
9,6201336,Hot &/ Sour  [Chicken],Asian,10.22,1,642
10,6201336,Veggie Roll + Coke 250 Ml,Snacks,20.9,1,172
11,6201336,Double Butter Bhaji Pav,Street Food,12.98,1,277
12,18161723,Cheese Chilly Toasties,"Chinese,Beverages",10.22,1,660
13,18161723,Chicken Steam  Momos,"Indian,Chinese",14.42,1,950
14,18161723,Non Veg  Full Stator family pack,Indian,13.91,1,440
15,18161723,Honey Chilli Potato (250 gms),Biryani,25.76,1,215
16,18161723,Aloo Chutney Wale,North Indian,9.91,1,181
17,18161723,Sriracha Kurkure Chicken Momos,"Pan-Asian,Chinese",20.02,1,419
18,18161723,Biscoff Gelato Cake ( 500 Gm ),"Ice Cream,Desserts",22.63,1,916
19,18464630,Paratha-Aloo,"Chinese,Indian",17.92,1,244
20,18464630,Chilli Chicken Pizza [14 Inches],"Pizzas,Italian",13.45,1,625
21,18464630,Veg Dopiaza,"South Indian,North Indian",28.34,1,705
22,18464630,Mutton Chilly Garlic Momos (6 Pcs) (Chef Special),"Chinese,Beverages",24.8,1,615
23,18464630,Veg Patiyala(300gm),"South Indian,Indian",18.28,1,991
24,18464630,Butter Croissant Add on Preserve,"Beverages,Ice Cream",24.32,1,330
25,18464630,Veg Bistro Oui Special Pizza,Continental,7.24,1,144
26,18464630,Mango MilkShake,"Fast Food,Juices",27.81,1,253
27,18464630,Aloo Da Kulcha,"Chinese,Rajasthani",7.75,1,275
28,18464630,Momo Steam ( 8 Pieces ),"Chinese,Snacks",21.29,1,320
29,18464630,Panipuri [15 Pcs],"Snacks,Beverages",26.28,1,167
30,306170,Khowa Sandesh,"Indian,Chinese",18.88,1,526
31,306170,Tfc Mixed Veg Pizza,"Indian,Snacks",15.86,1,645
32,306170,Honey Cranberry Mojito,"Chinese,North Indian",26.75,1,450
33,306170,Cheese Dahi Bataka Puri,Indian,21.54,1,510
34,306170,Ajwaini Paratha,"Snacks,Indian",25.32,1,164
35,306170,Mix Veg Combo [healthy Combo],North Indian,9.21,1,602
36,306170,Kikat Spl Rich Cream Cake[1kg],"Desserts,Sweets",13.62,1,855
37,306170,Spinach & Feta Puff,"Beverages,Ice Cream",8.46,1,619
38,17977785,Boiled Egg (1 Pieces),"North Indian,Chinese",18.82,1,612
39,17977785,Country Feast [Large],"Burgers,Italian",7.38,1,975
40,17977785,Palav (Puri),"South Indian,Chinese",20.83,1,775
41,17977785,Soyabean Masala Roll,Lebanese,23.91,1,456
42,17977785,Corn Capsicum Dosa,South Indian,5.13,1,874
43,17977785,9 Peppi Paneer Pizza,"Pizzas,Italian",15.31,1,456
44,17977785,Non-Veg Sandwich Combo,"Pizzas,Snacks",24.3,1,250
45,17977785,Sattu Paratha [2 Pcs],"Snacks,Chaat",8.25,1,574
46,17977785,Sp Malav Masala Dosa,"South Indian,Street Food",5.48,1,949
47,17977785,Punjabi Tadka Sandwich,"Pizzas,Pastas",16.08,1,610
48,17977785,Triple Truffel Tort (150 gms),Italian,10.03,1,314
49,18126080,Spicy_krispy_chicken,Korean,14.95,1,959
50,18126080,Special Dosa (Served with Sambar + Chutney),"Sweets,Snacks",12.75,0,823
51,18126080,Boil Fry (2 Pcs),"Maharashtrian,North Indian",11.44,1,829
52,18126080,Punjabi Paneer Paratha 2 Pieces,"Indian,Chinese",14.06,1,796
53,18126080,Shredded Chicken with Dry Chilli,"Chinese,Thai",20.46,1,414
54,18126080,Cheese Jam [Grill],"Fast Food,Italian",27.38,1,899
55,18126080,Chicken Atinam Meal,"Beverages,Juices",7.75,0,675
56,18126080,Nippatllu (14),South Indian,9.49,1,106
57,18126080,Mix Veg Paneer Paratha,"Thalis,North Indian",20.86,1,268
58,18126080,My Paneer Tandoori Cheese Pizza Combo,"Chinese,Italian",18.95,1,594
59,18126080,Kachurmber Salad,"Chinese,North Indian",13.64,1,268
60,18126080,Dahi Kebab,"North Indian,Indian",7.27,1,800
61,18440409,Aloo Paratha [2 Pieces],"North Indian,Rajasthani",24.86,1,722
62,18440409,Bun Tikki (single),"North Indian,Sweets",10.75,1,153
63,18440409,Idli Shamber,"South Indian,North Indian",15.11,1,702
64,18440409,Mint Prantha,"Beverages,American",11.87,1,584
65,18440409,Tari Wala Murgh Curry,"Indian,Asian",25.08,1,760
66,18440409,Batata Vada Pav And Chai Combo,"Beverages,Snacks",28.5,1,582
67,18440409,Namkeen Palak Matar,"North Indian,Chinese",16.53,1,523
68,18440409,Chicken & Egg Spring Rolls,"Chinese,Continental",25.83,1,471
69,18440409,Multi Rice Cake [1 Pond],Bakery,13.01,1,664
70,18440409,Peri Peri Cheese [L] [RC],"Pizzas,Fast Food",29.85,1,546
71,18440409,Railway Cutlet Burger + Paneer Delight Burger + Free Coke (S),"American,Burgers",9.11,1,983
72,18306511,Chikoo chocolate [300 ml],"Juices,Beverages",28.56,1,236
73,18306511,Butterscotch Tickle Cake (Egg),Bakery,28.96,1,176
74,18306511,Oreo Sandwich,Snacks,18.35,1,385
75,18306511,Chicken Keema Fusilli,"American,Chinese",28.56,1,717
76,18306511,Porky Beans On Toast Topped With A Fried Egg,American,17.09,1,706
77,18306511,Maya Ram Special Dosa,"South Indian,Chinese",14.58,1,736
78,18306511,Stuff Paneer Garlic Bread With Dip,"Indian,Snacks",16.48,1,353
79,18306511,Millet Bread,"Thai,Italian",20.22,1,288
80,18396358,Mix Berry Freak Shake,"Bakery,Beverages",27.62,1,399
81,18396358,Peri Peri Grilled Chicken,"Continental,North Indian",5.64,1,525
82,18396358,BISCUIT BUTTER VANILLA,Bakery,15.54,1,488
83,18396358,Chicken Kebab[250gms],Biryani,8.86,1,405
84,18396358,Khathiyawadi Eco Meal Box,"Gujarati,North Indian",8.92,1,385
85,18396358,Varqui Paratha,"Indian,Biryani",25.36,1,856
86,308929,Half Portion Biryani With Raita,"Beverages,Chinese",24.52,1,226
87,308929,Tadka Buttermilk [180 ml],"Indian,South Indian",6.98,1,280
88,308929,Paneer Bingo,"Fast Food,Italian",17.18,1,150
89,308929,Bataka Poha With Dahi,Indian,13.01,1,202
90,308929,Mix Veg Jalfrezi (serves 1),"North Indian,Chinese",22.81,1,354
91,1301,Chocolate [Reg. 280ml],"Beverages,Street Food",10.33,1,196
92,1301,Kala Jamun 2pcs,"South Indian,Indian",16.9,1,953
93,1301,Ghee Rice Dal Makhani Combo,"Home Food,South Indian",22.79,1,669
94,1301,Shevga Masala Dry,"North Indian,Indian",26.77,0,970
95,1301,Dry Fruit Chicken Shawarma,Arabian,29.71,1,243
96,1301,Strawberry Party Pack,Ice Cream,6.04,1,659
97,1301,French Fries with Periperi Masala,"Chinese,Indian",10.73,0,204
98,1301,Pineapple Juice (300ml),"Beverages,Ice Cream",19.84,1,212
99,1301,Gobi Rost Masala,"Chinese,North Indian",13.83,1,357
100,1301,Hopper Popper Noodles (Kids),"Indian,Chinese",29.01,1,823
101,1301,Grilled Chicken Penne Alfredo,"American,Indian",17.46,1,197
102,17293422,Sp Cutting Dabeli,"Snacks,Fast Food",22.73,1,529
103,17293422,Veggie Hot Garlic Fried Rice,"Chinese,Street Food",26.39,1,214
104,17293422,Pina Huwaiana Pizza,"Fast Food,Beverages",27.24,1,310
105,17293422,Chicken Ghee Roast (Original Ghee),"Biryani,Desserts",29.16,1,803
106,17293422,Small Thin Deluxe Veg Pizza,"Italian,Continental",19.13,1,405
107,17293422,Choco Chips Cheese,"Fast Food,Snacks",9.73,1,753
108,18492033,Slice Pork With Mushroom,Chinese,6.37,1,632
109,18492033,12 Donatos Special Pizza,"Pizzas,Pastas",20.84,1,471
110,18492033,Crispy Vegetables in Honey Chilli Sauce,"Indian,Pizzas",6.21,1,516
111,18492033,Special Paneer Dosa,Chaat,10.53,1,960
112,18492033,Desi Rice Tadka Thali Meal,"Thalis,Indian",16.36,1,626
113,18492033,Kali Dosa [1 Pc],"Arabian,South Indian",16.81,1,405
114,18492033,Sea [Triple] Tea,"Beverages,Snacks",28.43,1,216
115,18492033,Roasted Chicken Lollypop,"Indian,Biryani",17.16,1,720
116,18492033,Potato Tornado [Cheesy onion],"Chinese,Snacks",15.38,1,647
117,18492033,Cheesy Veesy Fries,"Beverages,Fast Food",25.46,1,513
118,17092257,Nutto Coffe Lloaded Shake,"Indian,Pizzas",16.94,1,498
119,17092257,Rasmalai (1 kg),"North Indian,Desserts",6.69,1,698
120,17092257,Amerian Chop Suey,"Gujarati,Chinese",7.49,1,406
121,17092257,Millet Vegetable Biryani (Foxtail),"Healthy Food,Salads",17.78,1,290
122,17092257,Egg Kashmiri Biryani,"Biryani,Indian",5.03,1,212
123,17092257,Spiced Wholewheat Lavash Crisps- 200 Gm,"Healthy Food,Beverages",23.71,1,976
124,17092257,Chaat Papdi Shake,"Italian,Chinese",15.37,1,451
125,18138434,Panang Curry,Chinese,13.19,1,287
126,18138434,Chicken Basmati Biryani,"North Indian,Chinese",8.12,1,510
127,18138434,Gourmet Natural Rajwadi Kulfi,"Desserts,Ice Cream",27.14,1,573
128,18138434,Chicken Manchurian Lollipop,"Chinese,Pan-Asian",24.45,1,550
129,18138434,7 Small Veggie Delight Pizza,"Beverages,Chinese",24.45,1,122
130,18138434,Burchett Open Sandwich,"Pizzas,Snacks",29.62,1,606
131,18138434,Szn Chicken Fride Rice,"Chinese,Indian",13.81,1,792
132,18138434,Murgh Tikka Pakoda,"North Indian,Punjabi",25.57,1,802
133,18421487,Extremely Veggie Cheese Maggie,"Fast Food,Pizzas",15.32,1,440
134,18421487,Lakhnavi Papdi Chaat,"Fast Food,Snacks",10.6,1,504
135,18421487,Aloo Phing Sha Dry,Chinese,7.22,1,258
136,18421487,Chicken with Shiitake Mushroom Hot Pot Rice,"Chinese,Asian",5.34,1,268
137,18421487,American Chowpsey Non Veg,"North Indian,Chinese",16,1,317
138,18421487,Gourmet Vegetable Burger,"Indian,Continental",19.14,1,430
139,18421487,Traditional Sizzler,"Indian,North Indian",12.26,1,212
140,18421487,Masala Khakra 200 Grms,"Sweets,Snacks",7.3,1,602
141,18421487,Chicken Biryani+Chicken Pepper Dry,"Biryani,Kebabs",6.17,1,296
142,18421487,Teriyaki Tofu Ramen Bowl,"Japanese,Asian",11.45,1,927
143,18421487,Schezwan Chilli Paneer With Garlic Fried Rice,"Fast Food,Chinese",20.91,1,608
144,3740,Cream Of Tomato Soup [300 Grams],"Pizzas,Beverages",26.17,1,989
145,3740,Almond Mocha Thick Shake,"Ice Cream,Beverages",12.98,1,690
146,3740,Strawberry Cupcake (New),"Desserts,Bakery",7.3,1,362
147,3740,Veg Lasaniya,"Chinese,Beverages",16.83,1,909
148,3740,Eggless Chocolate Delight Cake [450g],Bakery,10.61,1,630
149,3740,Prawn Sweet & Sour,Chinese,18.61,1,205
150,3740,Tandori Chiken Full (8pices),"Chinese,South Indian",28.92,1,808
151,3740,Cheese Dosa And Prawn Curry,Indian,25.05,1,364
152,3740,Shahi Paneer Samosa,"Snacks,Fast Food",13.08,1,738
153,3740,Avalakki Bath / Poha,"South Indian,Thalis",25.23,1,682
154,18400368,Vegetables Honkong Style,"Chinese,North Indian",12.81,1,312
155,18400368,Paneer Fried Rice 1 Plate,"Sweets,Fast Food",13.52,1,787
156,18400368,2 Veg Whopper + 1Hot N Cheezy Burger,"American,Fast Food",11.95,1,144
157,18400368,"Water Chestnuts, Peanut & Cucumbers Spicy Mint Vinaigrette","North Indian,Indian",14.41,1,249
158,18400368,Papad Fry Masala,"North Indian,Beverages",10.2,1,827
159,18400368,Paneer Naanza (Butter Naan),"Indian,Snacks",19.86,1,344
160,18400368,Wonder Joy Premium Thick Shake [350 Ml],"Desserts,Ice Cream",18.96,1,144
161,18400368,Bangda Fish Curry,"Indian,Chinese",29.23,1,558
162,18458345,Gajar Halwa (1 Small Cup),"Indian,Chinese",6.56,1,871
163,18458345,Adrak chai,"Beverages,Italian",23.43,1,754
164,18458345,Chicken Lababdar ( Boneless ),"Chinese,North Indian",23.29,1,778
165,18458345,Chicken Nargis Kofta,Maharashtrian,25.82,1,774
166,18458345,Aloo tikki,"Indian,Chinese",24.95,1,787
167,18458345,Mumbai Masala Sandwich 200gm,"Indian,Chinese",11.95,1,991
168,18458345,Mushroom Majestic,"South Indian,North Indian",6.25,1,930
169,18458345,Black Channa Radish Salad,"Healthy Food,Jain",5.98,1,570
170,18458345,Rolling Dosa,"Chinese,South Indian",8.49,1,119
171,18458345,Garlic Bread Exotic Cheesy Stick,"Italian,Snacks",23.53,1,737
172,18458345,Plain Curd (250ml),"Punjabi,North Indian",29.73,0,959
173,2700019,Plain Lasoon Palak,"Biryani,Maharashtrian",6.24,1,974
174,2700019,Cheese Pulao In Oil,Indian,24.31,1,434
175,2700019,Boil Kheema[Oil],"Snacks,Indian",11.98,1,599
176,2700019,Chickpeas Aloo Chaat,"North Indian,Chinese",9.74,1,726
177,2700019,Grilled Chicken Drumsticks (3 Pcs),"North Indian,South Indian",17.05,1,531
178,2700019,Chapthi 1pc,Indian,29.7,1,519
179,307520,Chole Bhature Combo (Oil),"North Indian,Biryani",28.24,1,949
180,307520,Peri Peri Mayo,"Arabian,Tandoor",14.51,1,514
181,307520,Large Cheese & Garlic,"Pizzas,Chinese",27.63,1,496
182,307520,Creamy Chicken And Veg Salad,"Indian,Chinese",28.74,1,543
183,307520,Veg. Cheese Maggi -Pasta Mix,Continental,25.11,1,826
184,307520,Paneer Chilly [1/2pt],North Indian,10.7,1,900
185,307520,Special Coffee,"South Indian,Thalis",20,1,605
186,307520,Paneer Do Pyaaz,"North Indian,Punjabi",12.46,1,791
187,307520,Brownie Mud Milkshake,"Beverages,Ice Cream",21.13,1,579
188,307520,Veg Roll + Starter + Free Flavor Soda (250ml),"Chinese,North Indian",16.85,1,720
189,307520,Pineapple Jelly Cake (500 gms),Bakery,17.07,1,537
190,3400,Fried Dhokla,"North Indian,Street Food",11.85,1,703
191,3400,2 Signature (1 Veg + 1 Non-Veg) @205 each,"Snacks,Beverages",5.76,1,624
192,3400,Mix Veg Indian Special Vegetable,"North Indian,South Indian",6.78,1,742
193,3400,Sindhi Dal Pakvan,"Snacks,Beverages",10.96,1,735
194,3400,Onion + Corn Pizza [7inch],"Pizzas,Snacks",26.62,1,136
195,3400,Pineapple Cupcake,"Bakery,Snacks",10.44,1,963
196,17375180,Gudh Ka Halwa 500 Gm,"North Indian,Chinese",19.46,1,799
197,17375180,Sweet Aloo Combo,Indian,23.88,1,831
198,17375180,Spicy Affair Pizza [9 Inches],"Pizzas,North Indian",7.01,1,823
199,17375180,7  Fire Spicy Chicken Pizza,Pizzas,11.55,0,999
200,17375180,Cheese Garlic (Regular),Snacks,24.88,1,304
201,17375180,Grill Chicken [Qtr.],"Arabian,Fast Food",17.93,1,975
202,5467,Lemon Pepper Soup Clear Chicken Soup,"Chinese,Thai",16.18,1,762
203,5467,Pulled Tandoori Chicken Makhani Bao [2Nos],"North Indian,Chinese",20.54,1,928
204,5467,Sprinkled Love Cake Eggless,"Indian,Bakery",17.46,1,390
205,5467,Chicken Raja,"South Indian,Andhra",29.01,1,802
206,5467,Jumbo Chicken Steam Momo 12 Pcs,"Indian,Biryani",7.54,1,925
207,5467,Veg Spring Roll(1 pcs),Chinese,12.7,1,665
208,5467,Egg In Chicken Liver Schezwan Fried Rice,"Chinese,North Indian",17.46,1,430
209,9037,Lemon Pepper Pranws Dry,"Chinese,Asian",13.66,1,852
210,9037,Lehsuni Chutney Oil,"Snacks,Italian",15.85,1,917
211,9037,Cheeseafghani,"Indian,Chinese",10.82,1,594
212,9037,Aaloo Chana Chaat,"Indian,North Indian",14.83,1,244
213,9037,Italian Wraps,"North Indian,Punjabi",22.61,1,508
214,9037,Mutton Thala,"Bengali,Mughlai",21.53,1,786
215,9037,Fish Ajwaini Kebab,"North Indian,Chinese",12.63,1,294
216,9037,Chatpata Aloo Tikka,"Chinese,North Indian",24.45,1,958
217,9037,Thai Basil Fried Rice,Chinese,19.97,1,789
218,9037,Arabian Paly Grape,"Juices,Beverages",20.45,1,136
219,6152,Chicken Varutharachath,"South Indian,North Indian",25.86,1,222
220,6152,Chaumin [Full],"Fast Food,Chinese",9.71,1,342
221,6152,Killer Garlic Potato Twister,"Italian,American",11.24,1,633
222,6152,Blue Cat Special Sandwich + Chocolate Sandwich,"Indian,North Indian",26.47,1,816
223,6152,Fun Ki Punjab Combo,"Biryani,Kebabs",5.57,1,700
224,6152,Chicken Cheesy Masala Panini 4 Small (mini Monster) + Cheese Alfredo Dip,North Indian,14.21,1,432
225,6152,Chicken Tikka Burger,Indian,24.47,1,552
226,6152,Kachori With Jalebi,"Snacks,Sweets",12.12,1,951
227,6152,"Paneer Tikka Sandwich (350gm, 2 Slices)",North Indian,28.82,1,161
228,6152,Melting Grilled Sandwich,"Bakery,Chinese",9.07,1,257
229,6152,Tadka Pavbhaji [Oil],Street Food,17,1,523
230,6152,Handvo Kheeru(500 Gram),Gujarati,14.42,1,119
231,18462571,Mashroom ( Kadhai / Lababdar / Dopayaza ),"North Indian,Chinese",8.09,1,686
232,18462571,Green Gotalo [2 Eggs],"Chinese,Biryani",27.79,1,758
233,18462571,Keema Curry Chicken,North Indian,21.2,1,394
234,18462571,Chatani Petis,"Snacks,Indian",13.91,1,281
235,18462571,Kahwa Tea,"Salads,Italian",8.87,0,405
236,18462571,Heart Shape Fruit Cake,"Desserts,Bakery",25.18,1,620
237,18462571,U & Me Combo [Veg],Pizzas,22.14,1,974
238,18462571,Mexican Delight Pizza,Pizzas,8.51,1,710
239,18334427,Veg To Let Sandwich,"Indian,Chinese",21.25,1,343
240,18334427,Mayo Cheese Veg Maggi,Indian,18.28,1,334
241,18334427,Cheese Capsicum Pizza (5 Inch),"South Indian,Chinese",11.49,1,803
242,18334427,Chocolate Goee Cake,Bakery,19.57,1,657
243,18334427,Celebration Hamper 2A (6 Pcs Paan + 2 Bar Chocolate),"Paan,Desserts",8.74,1,885
244,18334427,Tandoor Chicken Jumbo Roll,"Snacks,Fast Food",5.44,1,282
245,18334427,Orange Plum,"Juices,Beverages",13.07,1,680
246,18334427,Mysore Bhajji,"South Indian,North Indian",27.18,1,796
247,18334427,Butter Scotch Cream Shake,"Fast Food,Waffle",22.53,1,692
248,18334427,Chicken Chilly  [dry]  6pcs Boneless,Chinese,10.68,1,312
249,18334427,Dry Singapore Paneer,"North Indian,Snacks",19.73,1,580
250,18499455,Gulkand Sandwich,"Chaat,Ice Cream",27.08,1,310
251,18499455,Chicken Ghee Roast Paratha Meal,"North Indian,Desserts",17.46,1,104
252,18499455,Hash Brown [2pcs],"Italian,Fast Food",22.91,1,348
253,18499455,Fig Honey Ice Cream,"Fast Food,Ice Cream",18.62,1,124
254,18499455,Tandoor 3Pal Anda Bhurji Cheese Roll,"Snacks,Tandoor",20.31,1,411
255,308996,Veg Balls in Ginger Sauce,"South Indian,North Indian",29.66,1,749
256,308996,The All English Breakfast,"Pizzas,Ice Cream",25.42,1,499
257,308996,Chicken Sizzller,"Biryani,Tandoor",20.3,1,811
258,308996,Hyderabadi Murgh Matka Biryani,"Biryani,Snacks",13.54,1,674
259,308996,Channa (500 Grams),North Indian,10.38,1,264
260,308996,Bread Omlet [1 Nos],"Fast Food,North Indian",24.15,1,591
261,308837,Crispy Veg-Cheese Patty Burger,"Desserts,American",11.46,1,844
262,308837,Aloo Tikki Sliders,"Fast Food,American",9.52,1,237
263,308837,Oreo  Cake 1Kg,"Bakery,Use Code JUMBO30 to avail",21.72,1,459
264,308837,Plain Tandoori Roit,"North Indian,South Indian",6.83,1,173
265,308837,Regular Aloo Petty Frankie,Indian,26.36,1,266
266,18306521,Peri Peri Dips,"Waffle,Fast Food",18.9,1,474
267,18306521,Veg Royal Thali,North Indian,5.41,1,573
268,18306521,7   Queens Margherita (Jain),Pizzas,24.94,1,110
269,18306521,Tandoor Anda Manchurian Roll,"Snacks,Tandoor",13,1,467
270,18306521,Chicken Chili Gravy,"Oriental,Thai",24.2,1,219
271,18306521,Capsicorn Idli [140 Gm],South Indian,26.52,1,946
272,18306521,Large Mac O Blast Non Veg Pizza,"Pizzas,Beverages",21.13,1,203
273,18306521,Paneer Sweet Garlic,"Chinese,Thalis",29.42,1,923
274,18306521,Five Spice Chicken Pan Fried Momos (6 Pcs),Chinese,11.53,1,993
275,18306521,Smokey Barbecue Samosa,"Snacks,Street Food",26.23,1,114
276,18306521,S P Bombay Kheema (3 Egg),"Indian,Chinese",7.37,1,501
277,18306521,Veg Pot Rice Bowl[400gm],"Chinese,Italian",7.18,1,682
278,310063,Paneer Subz E Biryani,"Bakery,Pizzas",9.45,1,855
279,310063,Egg Hakka Chow mein + Chilly Chicken Bone Less,"Chinese,Indian",22.88,1,782
280,310063,Chocolate Monster,"Ice Cream,Snacks",17.53,1,700
281,310063,Mukka Special Pulao,"Beverages,Snacks",24.18,1,373
282,310063,Natural Falooda 500 Gms Loose Tub,"Ice Cream,Desserts",22.28,1,441
283,305472,Prawn Thai Flat Noodles,"Chinese,Asian",12.94,1,578
284,305472,H & Soup [S],"Chinese,Indian",16.69,1,447
285,305472,Tandoori Pizza (Small),"Italian,Fast Food",16.88,1,782
286,305472,Dal Tadka (250 gm),"North Indian,Chinese",8.36,1,325
287,305472,Chicken Dim Sum,"Chinese,Continental",21.92,1,974
288,305472,Main Course Paneer Labalsoft & Silky Cubes Of Cc,"North Indian,Chinese",25.44,1,240
289,305472,Extra Plain Pakvan,"Indian,Biryani",15.94,1,524
290,305472,Chapathi (Set),"Beverages,Biryani",28.5,0,641
291,305472,Vatana,"Gujarati,Snacks",10.17,1,566
292,305472,Vrat Ki Thali,"Indian,Chinese",9.48,1,415
293,305472,Star Light,"North Indian,Continental",9.21,1,605
294,3300058,Masala Pauva with Dahi Cheese,"Beverages,Snacks",6.54,1,306
295,3300058,Cookie N Cream (110 Ml),Ice Cream,24.59,1,554
296,3300058,Rose Milshake,"Street Food,Snacks",14.15,1,886
297,3300058,Tandoori Chicken [M] [RC],"Pizzas,Fast Food",7.26,1,239
298,3300058,Peppery Baby Corn Dry,"Chinese,Thai",19.8,1,214
299,3300058,Americal Corn Salt And Papper,Indian,9.67,1,698
300,3300058,Tandoor Ke Phool,"Chinese,North Indian",5.35,1,660
301,3300058,Mix N Match (30 CM),"Pizzas,Italian",25.48,1,253
302,3300058,10 Medium Broccoli and Cheese Naan,"Beverages,North Indian",11.96,1,198
303,3300058,Desi Ghee Atta Pinni Special,"Italian,Chinese",26.98,1,880
304,3300058,Mutton Seekh,"North Indian,Fast Food",18.69,1,833
305,17621781,Brownie With Vanilla Ice-cream,"Ice Cream,Beverages",19.21,1,140
306,17621781,Spicy Paneer Pizza large,"Pizzas,Italian",9.55,1,710
307,17621781,Aloo Sabzi With Bedmi Puri (2 Pcs),"North Indian,Fast Food",26.2,1,934
308,17621781,Fully Loaded Shawarma (2nos) + Tandoori Shawarma (2nos) + French Fries + Chicken Nugget + Cold Drink,"Indian,Arabian",18.79,1,728
309,17621781,Guava Ice Cream,"Beverages,Bakery",19.2,1,992
310,18456744,Pithale,"Indian,Punjabi",5.49,1,888
311,18456744,Darbar Green Cheese Misal,Street Food,18.86,1,367
312,18456744,2 Puri and Chana,"Beverages,Chinese",10.63,1,687
313,18456744,Mini Family Combo,"Italian,Pizzas",25.8,1,572
314,18456744,Chicken In Schezwan Sauce[gravy] 6pcs Boneless,Chinese,21.27,1,717
315,18456744,Veg Mac O Cheese,"Chinese,Fast Food",25.31,1,111
316,18456744,Special Tent Cafe Toast,"Chinese,Fast Food",21.79,1,187
317,18456744,Lungi Cheese Uttapam,South Indian,12.46,1,962
318,18456744,Mac & Cheese with Bacon,"Pizzas,Pastas",8.2,1,675
319,18456744,Thai Noodles,"Indian,Chinese",19.94,1,557
320,309987,Veg Keema Ball,"Chinese,Tandoor",24.32,1,366
321,309987,San Tung Special Egg Topping Chicken Noodles,"Chinese,Tibetan",20.91,1,199
322,309987,Choco cream,Ice Cream,21.78,1,939
323,309987,Deep Fried Paneer Tikka Jain Momos (6 Pcs),"Asian,Tibetan",29.31,1,521
324,309987,Blueberry Cake Ice Cream Roll,"Ice Cream,Beverages",19.49,1,227
325,18258777,Bhatti Ka Tandoori Chicken,Indian,7.14,1,653
326,18258777,Roti Plain,Chinese,20.79,1,298
327,18258777,Kaju Paneerr Half Handi,North Indian,12.1,1,248
328,18258777,Chicken Hyderabadi Half,"North Indian,Chinese",29.64,1,376
329,18258777,Paneer Kung Pao Bowl,"Chinese,Thai",11.57,1,795
330,18258777,Khowa Peda (1 Kg),"Sweets,Fast Food",17.7,1,914
331,18258777,501 Prasad [1 Kg],Snacks,6.71,1,984
332,18258777,Paneer Kaju Bhurji Dry,"North Indian,Chinese",29.6,1,293
333,18245285,Fench Fries With Tomato Ketchup,"Indian,Chinese",12.88,1,389
334,18245285,Sevai Phirni,"Indian,Desserts",27.58,1,637
335,18245285,Extra Pav (2 Pcs) Butter,North Indian,21.78,1,818
336,18245285,Mushroom Chowmein With Free Drink,"Chinese,North Indian",6.68,1,700
337,18245285,Java Chip Coffee Thick Shakes,"Ice Cream,Beverages",9.02,1,377
338,18245285,Organic Tulsi Tea,"Indian,Fast Food",8.92,1,584
339,18245285,2 Tawa  Wheat Lachha Paratha + Chicken Keema + Salad,"North Indian,Indian",24.93,1,822
340,18245285,Spicy Broasted Lollipop,"Continental,Snacks",28.21,1,167
341,18245285,Chicken Schnitzel Burger,"Pizzas,Continental",20.64,1,760
342,18245285,Guti Aloo Bhaja,"Bengali,Thalis",10.72,1,151
343,18416860,Choco chip Pastry (1 Pc),"Desserts,Bakery",21.76,1,550
344,18416860,Ebi Nigiri Sushi (3 Pcs) (Prawns),"Chinese,North Indian",15.27,1,906
345,18416860,Pastry,"Sweets,Snacks",12.77,1,487
346,18416860,Hazelnut & Holy Chocolate,"Beverages,Desserts",22.14,0,456
347,18416860,Golden Chilli Pizza,Pizzas,11.41,1,468
348,18416860,Chicken Murgom Masallam,Chinese,6.02,0,649
349,18416860,Cold Coffee With Ice Cream [300 Ml],"North Indian,Chinese",29.58,1,789
350,5851,Matka Boneless Chicken Dum Biryani + Raita - Half (serves 1),"Biryani,Desserts",14.79,1,190
351,5851,Chapathi 3 No Chicken Curry,"Indian,Chinese",25.55,1,682
352,5851,Gobbi 65,"North Indian,Chinese",9.2,1,994
353,5851,Kozhi Idichu Kuthi,"Kerala,Biryani",23.01,1,708
354,5851,Mix Fruit Cake (500 Gms) (1 Pc),"Desserts,Bakery",20.55,1,168
355,5851,Baby Corn Andhra Dry,Chinese,19.59,1,927
356,5851,Makhani Chicken [450ml],"North Indian,Snacks",5.12,1,959
357,5851,Masala Egg Curry (3 Eggs),Mughlai,7.08,1,747
358,5851,Cheese Chocate Slice,"North Indian,Chaat",28.37,1,245
359,3600022,Masala Onion Salad,North Indian,6,1,427
360,3600022,Frozen Kiwi,"Street Food,Snacks",21.06,1,723
361,3600022,Bun With Butter (1 Piece) + Milk Tea Small Flask (250 Ml),"Beverages,Snacks",9.65,1,830
362,3600022,Bhindi Do Pyaza Combo,Indian,29.9,1,388
363,3600022,Contento Special Premium Cold Coffee,"Indian,North Indian",20.71,1,719
364,3600022,Rasbhari Gujiya,"Indian,Chinese",11.51,1,649
365,3600022,Bhetki Kabiraji Cutlet,"Bengali,Mughlai",5.76,1,797
366,3600022,Chicken Fried Rice Regular (chinese),Chinese,13.81,1,844
367,3600022,Bukhara Kofta Curry,"Chinese,North Indian",23.32,1,110
368,3600022,Spicy Ghee Podi Dosa,South Indian,26.9,1,702
369,3600022,Bucket Combo [Small],"Snacks,American",21.77,1,493
370,3600022,Farali Pizza Sandwich Mix,Fast Food,6.01,1,662
371,18352682,Chapati (pack Of 4),Indian,28.45,1,467
372,18352682,Live Spicy Penne Pasta,"Chinese,Italian",29.21,1,124
373,18352682,Navrattan Pulao,"Pizzas,Tandoor",15.25,1,615
374,18352682,Chicken Sa -Po,"North Indian,Continental",28.8,1,676
375,18352682,Balkrishana Dal Khichadi,"Maharashtrian,North Indian",27.77,1,526
376,18352682,Bo l [Full],North Indian,19.96,1,423
377,18352682,Baked Aloo Samosa [1pcs],"Snacks,Chaat",13.1,1,194
378,18352682,Kaju Badam Dalmoth,"Sweets,Street Food",8.68,1,537
379,18352682,Tuk Tuk Pudina Chaat,Fast Food,20.82,1,634
380,18352682,Fried Chicken Kanthari [8 Pieces],"North Indian,Fast Food",16.61,1,157
381,18381643,Gift Pack Sweets,"Sweets,Street Food",17.03,1,808
382,18381643,Jhalmuri,Indian,9.69,1,775
383,18381643,Lime And Mint Mojito,"Bakery,Beverages",21.1,1,478
384,18381643,Butter Khari [250 Gm],"Bakery,Snacks",5.79,1,534
385,18381643,12 Tandoori Paneer,"North Indian,Italian",17.09,1,294
386,18381643,Schezwan cheese Frankie,Snacks,25.52,1,285
387,18381643,Peri Peri Spicy Nachos,"Chinese,Fast Food",7.33,1,132
388,18381643,Paneer Pulao (250 gms),North Indian,18.44,1,759
389,18381643,Mango Strawberry,"Beverages,Fast Food",7.13,1,795
390,18381643,Focaccia Mozzarella S/w,Beverages,15.31,1,568
391,18336477,Banarashi Cham Cham,"South Indian,Thalis",28.65,1,108
392,18336477,Paneer  Honey Chilly,"Indian,Cafe",24.37,1,434
393,18336477,Pizza Slice Vegetariana [ Vegetables],"Ice Cream,Desserts",11.35,1,344
394,18336477,Chocolate Overload Waffle (dark),"Pizzas,Beverages",29.21,1,672
395,18336477,Mattar Paneer + Tawa Roti,"Indian,South Indian",11.37,1,406
396,18336477,25 Pc Baklawa,"Sweets,North Indian",17.41,1,214
397,18336477,Bheja Kali Mari,"Chinese,Mughlai",21.29,1,594
398,18336477,Chiken Tikka Pizza [6 inch],"Pizzas,Snacks",24.7,1,470
399,18336477,Pink Sauce Chulbuli Gulabo Pasta,"Pizzas,Chinese",7.19,1,992
400,18336477,Chicken Butter Garlic (Gravy),"Indian,Chinese",28.8,1,923
401,18336477,Nutty Fruitti Stone Dessert jar,"Beverages,Desserts",6.72,1,878
402,18336477,Olive Oil Pulav,"Indian,Chinese",14.11,1,713
403,6481,Veg Toofani (350 gms to 400 gms),"North Indian,Snacks",5.96,1,575
404,6481,HR Iced Americano,"Snacks,Beverages",12.26,1,420
405,6481,Coffee (1 Pc),"Fast Food,South Indian",16.12,1,860
406,6481,Irish Coffee Cake [500grams],Desserts,13.68,1,203
407,6481,Sweet Corn Cheese Balls,"Desserts,Beverages",18.98,1,655
408,6481,Chicken Peri Peri Risotto (350 Gms),"North Indian,Italian",13.26,1,318
409,6481,Rohu Curry (2 Pcs),"Biryani,North Indian",24.01,1,511
410,6481,Khoya Gujhiya,"South Indian,Snacks",6.96,1,115
411,6481,Egg Lababdar [2 Eggs] [Butter],Indian,17.6,1,335
412,6481,Avarakkai Sambar-450ml,"South Indian,Chettinad",20.53,1,950
413,6481,Mix VEg,"Fast Food,Punjabi",24.58,1,633
414,18421474,Chai Walli Chai (Serves 4-5),Beverages,26.61,1,639
415,18421474,Veg Manchurian Gravy [serves 2],"Chinese,North Indian",5.45,1,105
416,18421474,CHOCOLATE ESPRESSO CUPCAKE,American,9.26,1,430
417,18421474,Masala Masti,"Indian,Tandoor",29.2,1,652
418,18421474,Classic Chicken Grill (Mayo Based) Sandwich,"Desserts,American",26.88,1,433
419,18421474,Kshitij Special Sabji Nirali,"Indian,Chinese",29.7,1,597
420,18421474,Mango Delight Fruit Cake,"Bakery,Desserts",18.37,1,468
421,18421474,Veg Indonesian Noodles,"North Indian,Chinese",20.5,1,261
422,18421474,Roshkodom[1 Piece],"Sweets,Snacks",11.13,1,637
423,18421474,Paneer Samosa (1 Pc),Fast Food,20.47,1,519
424,17095236,Veg Momos in Tandoori Mayo Sauce,"Chinese,Asian",22.87,1,195
425,17095236,Glow Skin Case,"Healthy Food,Beverages",7.89,1,405
426,17095236,Juicy Wings [5pieces] (chefs Special),"Pizzas,Snacks",15.93,1,447
427,17095236,Fish Chilly Spicy Black,North Indian,26.16,1,393
428,17095236,Choco Chips Truflel(Mini),"Sweets,Desserts",22.74,1,273
429,17095236,2 Veg Chow Mein + Veg Fried Rice,"Sweets,Snacks",14.49,1,316
430,17095236,Mutton Bhaji Gos,"Chinese,Indian",10.35,1,408
431,6314605,Netholi Fish,"Biryani,Chinese",19.01,1,994
432,6314605,6 Spinach Paneer Pizza,North Indian,20.77,1,392
433,6314605,Soya Chaap Bhuna Roll  [With Egg],"North Indian,Mughlai",8.93,1,303
434,6314605,Happy Meal,"North Indian,Fast Food",7.52,1,448
435,6314605,Sabudana Khichdi With Dahi,"Indian,North Indian",25.77,1,919
436,6314605,Small Greekish Veggie,"Beverages,Ice Cream",14.43,1,774
437,6314605,Puri Bhaji + Papad+ Chhas,"Gujarati,Snacks",9.37,1,567
438,6314605,3 Appam + 3 Pc. Chicken Stew,"South Indian,Kerala",21.29,1,574
439,17293228,Special Panchgini Ice cream Scoop,"Desserts,Beverages",6.9,1,852
440,17293228,Chicken Chowmin (half ) + 200 Ml Cold Drinks,Bakery,6.54,1,861
441,17293228,Desi Matka Chicken,"Indian,Chinese",15.05,1,258
442,17293228,Oreo Kit Kat Freak Shakes- Large,"Continental,South Indian",7.82,1,464
443,17293228,Kaju Tarbuch,North Indian,7.96,1,878
444,17293228,Fish Thali (Carrier Meal),"Indian,Combo",26.83,1,633
445,17293228,Diary Milk Crunchy Shake,"Grill,Fast Food",5.06,1,649
446,17293228,Orginal Chikoo Ice Cream,"Desserts,Ice Cream",16.99,1,345
447,17293228,Cheese Butter Masala Pasta,Continental,19.85,1,591
448,17293228,Sugarless Malai Tilliwali Kulfi[ 50 Gms ],"Street Food,Ice Cream",27.19,1,112
449,18425758,Mushroomi Kadhai Pizza,"Italian,Snacks",20.35,1,872
450,18425758,Sadi Aloo Veg Mix,"Fast Food,Snacks",19.53,1,858
451,18425758,7 Small Deluxe Veggie Pizza,Italian,23.65,1,852
452,18425758,Bombay Crush,Beverages,23.37,1,787
453,18425758,Green Boiled Tikka [2 Eggs],"Fast Food,Snacks",16.92,1,876
454,18425768,Chana Dal Chaat,"Combo,Indian",12.55,1,277
455,18425768,Cheese Onian Masala Dosa,South Indian,12.54,1,971
456,18425768,Bhakhrwadi (200 Gms),Sweets,16.33,1,645
457,18425768,Jammy Fruity Sandwich,"Beverages,Fast Food",16.76,1,250
458,18425768,Paneer Stuffed Parotta,"North Indian,Chinese",20.91,1,657
459,18425768,Mixed Fruits Juice  (250 Ml),"Salads,Snacks",21.78,1,370
460,18425768,Peri Peri Cheese Fries Pizza,"Chinese,North Indian",10.47,1,884
461,18425768,Mush-Room For More,"American,Continental",26.93,1,977
462,18425768,Anar Milkshake,"Juices,Ice Cream",17.06,1,339
463,18425768,Jowar Roti Plain,"North Indian,Biryani",11.79,1,112
464,18219556,Wai Wai Pakayeko,"Chinese,Thai",22.42,1,377
465,18219556,Special Shahi Vegetable Korma,"Chinese,North Indian",12.86,1,177
466,18219556,Pork Chilli+chapathi+half Rice,"Indian,Chinese",24.13,1,141
467,18219556,Egg Bhurji Stuffed,"North Indian,Indian",5.56,1,604
468,18219556,Lemon Ice Green Tea,"Indian,Asian",8.57,1,715
469,18219556,Maharaja Gosht,"North Indian,Chinese",13.33,1,572
470,18219556,7 Ace Exotica Pizza,"Pizzas,Fast Food",11.61,1,549
471,18219556,Veg Burger With Veg Fingers,"Pizzas,American",24.97,1,929
472,18219556,8  Creamy Ny Chicken Sausage Pizza,"Pizzas,Italian",17.43,1,559
473,5878,Medium Tandoori Pasta Pizza Single Cheese,"Italian,Pizzas",19.15,1,939
474,5878,Malai Paneer Kadhi Rice Thali,North Indian,23.45,1,545
475,5878,Bhuna Soyabin Cheese Roll,"Snacks,Tandoor",12.33,1,568
476,5878,Tikki Onion Burger,"Chinese,Continental",14.29,1,883
477,5878,Double Ka Maska Pao Bhaji,"Continental,Chinese",10.87,1,199
478,5878,Jeera Rice ( Jain ) (400 gms),"Indian,North Indian",8.73,1,174
479,5878,Mixed Dragon Chopsuey,"Chinese,Asian",12.83,1,591
480,5878,Puttu ( Plate),"Kerala,Chinese",15.88,1,836
481,5878,Sin Chicken Roll,Snacks,16.07,1,849
482,5878,Oreo Cake Eggless,Bakery,15.82,1,587
483,4500,Fish Tikka Lasooni,"Indian,Mughlai",12.21,1,195
484,4500,Paneer Kalimirch (jain),"Indian,Chinese",21.12,1,370
485,4500,Arctic Blue,"American,Bakery",17.33,1,750
486,4500,Chili Chopsue-veg,"Indian,Chinese",21.38,1,586
487,4500,Peach Apricot Shake (250ml),"Desserts,Beverages",14.27,1,879
488,4500,Vegan Melon & Herbs,"Japanese,Mediterranean",22.93,1,709
489,4500,Veggie Bun Nippat & Cheese,"Fast Food,Street Food",21.87,1,214
490,4500,Xmas Special Vanilla Slice Cake (200 gms),"Bakery,Sweets",8.79,1,172
491,4500,Dahi Chole Salad,Chinese,17.9,1,986
492,4500,Fanta Can 300ml,"Mexican,American",24.24,1,683
493,4500,Ayam Cabe Merah Kering,"North Indian,Chinese",5.87,1,537
494,18391937,Pork Long Gravy Thenthuk,"Chinese,Tibetan",13.86,1,367
495,18391937,Chai Masala - Spice Blend for Chai (100g),"Bakery,Beverages",14.26,1,303
496,18391937,Green Pis Masala,"South Indian,Indian",10.39,1,345
497,18391937,Paneer Kadhahi,"Indian,South Indian",19.35,1,858
498,18391937,Dry Samosa,"Sweets,Snacks",27.01,1,483
499,18391937,Snicker Monster,"Waffle,Beverages",14.91,1,165
500,18391937,Yummy Grape Flavored Lassi,"North Indian,Beverages",12.1,1,461
501,18363074,Cheesy Corn Pizza [8 Inches],"Indian,Chinese",19.64,1,491
502,18363074,Choco Chips Thick Shake  [300 Ml],"Desserts,Ice Cream",28.97,1,151
503,18363074,South Indian Combo 6,"South Indian,North Indian",23.77,1,669
504,18363074,Tandoori Soyabean Momos (8 Pcs),"North Indian,Chinese",22.14,1,991
505,18363074,Baked Pasta Primavera,"Chinese,Thai",11.25,1,873
506,18363074,Healthy Keto Friendly Sugar Free Sundae,"Desserts,Ice Cream",28.71,1,615
507,18311928,Chicken Arrabbiata - Penne,"American,Continental",23.35,1,713
508,18311928,Chicken Broasted (Fried),"Arabian,Lebanese",9.6,1,813
509,18311928,Chicken Rezala ( 6 Pcs ),North Indian,9.99,1,297
510,18311928,Vegetables In Hot Garlic Sauce with Noodles,"Chinese,Fast Food",29.76,1,581
511,18311928,Mixed Sauce  Pasta,"Pizzas,Pastas",7.85,1,496
512,18311928,Hari Mirch Naan (new),"Indian,Punjabi",13.95,1,389
513,18377449,Toasted Noodles,North Indian,15.74,1,975
514,18377449,"Paneer Paratha ( 1 Piece ) , Missi Roti ( 1 Piece ) , Raita , Pickle",North Indian,11.35,1,480
515,18377449,Mushroom  Tandoori Veg Momos,Chinese,12.13,1,581
516,18377449,Lemon [mug],"Snacks,Continental",28.26,1,1000
517,18377449,Medium   Classic Treat With Cheese Burst (Serves 2),Chinese,17.87,1,452
518,18377449,Dilliwali Tikki,"Indian,Chinese",8.99,1,965
519,18377449,Garlic Broccoli Mushroom Stir Fry,"Indian,Chinese",24.89,1,614
520,18377449,Eggless White Forest Cake (500 Gms),"Bakery,Desserts",11.24,1,106
521,18377449,Fresh Strawberry Waffle,"Ice Cream,Beverages",6.09,1,592
522,5876,Cold Choco Coffee,"South Indian,Fast Food",13.62,1,465
523,5876,Chocolate Chip Cookie Dough,"Juices,Beverages",20.84,1,859
524,5876,Garlic Vegetable Sandwich,"Pizzas,Snacks",9.64,1,954
525,5876,Chicken Hariyali Kebab (6 Pcs),"North Indian,Chinese",20.62,1,550
526,5876,Topi Masala Dosa,South Indian,17.8,1,703
527,18456760,Amully Butter Chicken,North Indian,16.72,1,987
528,18456760,Magic Masala Tea,Beverages,9.26,1,129
529,18456760,Banana Honey Pancake,"Snacks,Fast Food",25.58,1,663
530,18456760,Parma Meat Feast Pizza,"Italian,Pastas",29.89,1,130
531,18456760,Deluxe Pizza [8 inch],"Pizzas,Snacks",12.29,1,338
532,18456760,Chole With Cheese Bhature,"Snacks,Indian",12.11,1,245
533,18456760,Chicken Vegetable Salad,"Chinese,Continental",20.29,1,505
534,18456760,Mysore Chatpata Masala Butter,"South Indian,Beverages",7.05,1,326
535,18456760,Ghughra Sandwich (2) + Veg Cheese Club Club (2) + Pineapple Sandwich (1),"Pizzas,Snacks",10.1,1,927
536,18456760,Ice Expresso Short (30 mls),"American,Fast Food",12.52,1,585
537,18456760,Tomato Uthappa,"South Indian,Beverages",27.45,1,840
538,395,White Rice + Fish Curry,Andhra,6.29,1,996
539,395,Malaysian Green Soup,"Indian,Chinese",24.62,1,643
540,395,Cookie & Cream 1 Kgs,"Bakery,Pizzas",29.88,1,167
541,395,Butter Roti (Per Piece),South Indian,6.51,1,385
542,395,Chanachor Khakhra (Packet),"Indian,Sweets",11.68,1,542
543,395,Veg Harabhara  (500 Gm),"Chinese,Indian",14.95,1,762
544,395,Vaggies Lover,Pizzas,20.33,1,337
545,395,Missi Masala [1 Pcs ],North Indian,17.45,1,818
546,18426112,Black Currant,"Beverages,Fast Food",25.6,1,271
547,18426112,Burnt Garlic Mushroom Soup (Chefs Special),"North Indian,South Indian",6.61,1,906
548,18426112,Cheese French Fries (Cheese),Snacks,13.8,1,421
549,18426112,Mixed Veg Platter,"North Indian,Maharashtrian",16.43,1,926
550,18426112,Coffee Crunch,"Desserts,Ice Cream",14.47,1,737
551,18426112,Tropical Tango,"North Indian,Chinese",16.89,1,986
552,18426112,Fresh Fruit Cake (eggless),"Bakery,Desserts",26.71,1,640
553,18426112,Bread Medium(400gm),"Desserts,Bakery",17.37,1,976
554,18426112,Tomato Basil Feta Crostini,Indian,14.99,1,467
555,18426112,Methi Thepla With Curd,"Street Food,Fast Food",7.23,1,163
556,18426112,Mushroom And Peas,"Chinese,Indian",10.19,1,313
557,18376492,6 Chicken Country Special Medium,"Bakery,Pizzas",7.56,1,598
558,18376492,Green Salad ( Box ),"Indian,Chinese",23.65,1,490
559,18376492,Eggless Chocolate Caramel Pastry,"Bakery,Desserts",17.76,1,809
560,18376492,Death by choclate ice cream+kesar falooda+tropical mixed fruits mocktail+veg cheese sandwitch,Desserts,9.27,1,574
561,18376492,Laccha Paratha Plain,"North Indian,Continental",26.52,1,323
562,18376492,Chilli Matar Dosa,"South Indian,Snacks",27.63,1,214
563,18376492,Peri Peri Corn Chaat,Indian,28.73,0,706
564,18376492,Garlic Naan[Butter],Chinese,26.16,1,271
565,18376492,Chicken Burger + Brownie Cake ( 1p),Bakery,6.42,1,681
566,18376492,Sweet Chilli Maggi,Snacks,25.44,1,567
567,18376492,Thin Crust Pizza (Small) (3 Pcs),"Desserts,Bakery",25.43,1,894
568,18492109,Katki Khimo (Oil),Snacks,27.38,1,926
569,18492109,Vada Pav [1 Piece],Sweets,11.84,1,316
570,18492109,Blue Berry Scoop Regular Coen (Cup 80 ml),"Desserts,Ice Cream",22.78,1,974
571,18492109,Baby Corn Chillli,South Indian,24.49,1,227
572,18492109,Chicken Triple Schezwan Rice with Curry,"Chinese,Thai",28.15,1,687
573,18492109,Island Chicken Club Burger,"American,Beverages",29.3,1,772
574,18492109,Pineapple Cheese Toast,Chinese,13.04,1,690
575,18492109,Beef Methi Kheema,North Indian,13.18,1,245
576,18492109,Vegetable Lajawab,"Biryani,Chinese",6.16,1,204
577,18492109,8 Mixed Vegetable Pizza,"North Indian,Chinese",24.39,1,167
578,308451,Veg Tandoori Tikka Platter [Serves 3],Chinese,16.27,1,568
579,308451,Seekh Kabab Wrap,Beverages,24.45,0,611
580,308451,Green Pavbhaji [Oil],Street Food,11.72,1,338
581,308451,Alu Gobi,"North Indian,Indian",29.95,1,198
582,308451,Golmal (2 Eggs + 1 Cheese),"Snacks,Indian",16.23,1,529
583,308451,1 All In One Pizza 6 With 1 Cheese French Fries And 2 Oreo Shake,Street Food,28.11,1,792
584,308451,Dal Fry And Rice Bowl,"North Indian,Punjabi",12.94,1,304
585,308451,Besan Gathiya,"Indian,Chinese",28.62,1,294
586,308451,Rasgula,"Snacks,Sweets",20.92,1,711
587,306761,Rainbow Cake [1/2 Kg],"Bakery,Indian",11.19,1,214
588,306761,Best Of Mohalla Gralic Bread,"Fast Food,Pizzas",21.96,1,989
589,306761,Butter Pao Bhaji,"Ice Cream,North Indian",6.28,1,351
590,306761,Schegwan Noodles,"Chinese,South Indian",10.78,1,423
591,306761,Butter Mutton Masala Full 4 Pcs,Chinese,26.8,1,982
592,306761,Cheezee Maha Mazaa Pizza [medium],Pizzas,8.03,1,854
593,306761,Aloo Pepperoni Roll,Snacks,23.18,1,263
594,306761,Bread Butter Jam Plain,"Snacks,Continental",25.03,1,444
595,306761,Kebarbiq Burger,"Indian,Arabian",29.41,1,631
596,306761,Chicken Fatayer,"Lebanese,Arabian",9.71,1,135
597,306761,Nutella and Banana French Toast,"American,Continental",23.8,1,368
598,18354634,Bhindi Masala Luv Bowl,"Indian,Desserts",14.14,1,564
599,18354634,Chia Seed and Mix Berry jam,"Healthy Food,Beverages",15,1,952
600,18354634,Redvelvet Triangle Pastry,Bakery,13.74,1,937
